Date,Confirmed,Deceased,Recovered,Grand Total,PM2.5 (ug/m3),PM10 (ug/m3),NO (ug/m3),NO2 (ug/m3),NH3 (ug/m3),SO2 (ug/m3),CO (mg/m3)
14-Mar-20,7,1,1,9,29.18,74.45,7.33,56.96,28.1,7.2,0.75
15-Mar-20,0,0,1,1,56.48,128.62,1.9,67.38,27.76,28.07,0.82
16-Mar-20,0,0,0,0,63.54,137.5,7.93,60.44,38.28,9.23,0.89
17-Mar-20,1,0,0,1,69.45,147.36,14.18,59.67,34.46,4.1,0.98
18-Mar-20,2,0,0,2,65.35,140.79,13.2,64.22,29.4,7.85,0.91
19-Mar-20,4,0,1,5,100.42,195.42,16.44,74.25,35.65,16.45,1.08
20-Mar-20,6,0,2,8,89.3,207.24,36.97,100.61,32.17,12.3,1.38
21-Mar-20,7,0,0,7,83.46,174.71,17.23,78.1,32.69,18.04,1.05
22-Mar-20,0,0,0,0,69.33,129.18,6.75,53.61,30.27,5.97,0.78
23-Mar-20,3,0,0,3,52.9,104.64,5.19,45.16,27.91,13.44,0.77
24-Mar-20,0,0,1,1,48.58,106.74,5.77,45.37,28.06,20.94,0.79
25-Mar-20,5,0,0,5,38.78,71.33,4.67,33.63,29.54,21.72,0.76
26-Mar-20,1,0,0,1,52.01,91.42,3.1,28.69,28.45,14.79,0.69
27-Mar-20,4,0,0,4,22.69,48.85,3.59,27.94,24.91,16.69,0.53
28-Mar-20,9,0,0,9,20.7,41,3.95,29.87,25.02,14.95,0.59
29-Mar-20,23,1,0,24,27.74,59.84,2.52,25.12,22.94,17.18,0.5
30-Mar-20,25,0,0,25,38.78,71.53,2.46,27.77,22.92,17.89,0.59
31-Mar-20,23,0,0,23,35.31,69.44,2.34,27.64,20.92,15.98,0.51
01-Apr-20,32,0,0,32,39.41,79.88,2.6,27.17,22.69,13.91,0.56
02-Apr-20,141,2,2,145,28.24,60.17,2.33,24.98,21.04,10.72,0.56
03-Apr-20,93,2,0,95,32.14,65.75,2.13,26.54,19.02,14.69,0.51
04-Apr-20,59,0,8,67,39.89,79.5,2.45,32.58,19.6,13.49,0.58
05-Apr-20,58,1,0,59,54.27,105.29,2.17,36.2,22.22,22.58,1.5
06-Apr-20,22,0,0,22,63.94,124.43,2.57,35.11,23.39,9.31,0.71
07-Apr-20,51,2,4,57,36.95,97.97,2.24,27.46,22.87,14.15,0.51
08-Apr-20,93,0,1,94,26.76,76.53,2.17,26.44,19.44,17.91,0.5
09-Apr-20,51,3,4,58,41.24,84.88,2.14,29.74,20.68,14.21,0.62
10-Apr-20,183,2,2,187,64.73,118.22,3.08,37.6,22.49,11.2,0.83
11-Apr-20,166,5,0,171,49.9,110.2,2.78,34.6,22.13,22.89,0.7
12-Apr-20,85,5,1,91,41.33,94.81,2.11,27.98,22.18,9.58,0.66
13-Apr-20,356,4,3,363,71.95,145.22,2.46,31.99,24.38,18.44,1.13
14-Apr-20,51,2,0,53,53.81,132.07,2.92,42.07,20.8,13.73,0.8
15-Apr-20,17,2,10,29,63.55,186,2.86,36.28,21,15.64,0.74
20-Apr-20,78,2,141,221,118.43,55.75,1.01,25.47,18.27,34.23,1
21-Apr-20,75,0,180,255,39.42,86.06,1.47,30.33,16.22,108.8,0.66
22-Apr-20,92,1,113,206,94.04,185.04,3.05,44.86,22.91,131.37,0.79
23-Apr-20,128,2,84,214,144.78,206.35,2.5,39.71,26.11,117.88,1.1
24-Apr-20,138,3,49,190,105.7,180.81,3.14,39,28.26,104.56,1.11
25-Apr-20,111,1,12,124,104.36,139.09,1.65,29.27,24.97,109.11,0.69
26-Apr-20,293,0,8,301,47.81,124.3,1.53,26.3,23.09,58.39,0.71
27-Apr-20,190,0,0,190,26.44,52.25,1.76,23.9,19.56,105.49,0.7
28-Apr-20,206,0,201,407,49.43,101.75,1.76,26.18,19.37,100.99,0.74
29-Apr-20,125,2,14,141,67.69,140.52,1.5,27.16,19.56,101.22,0.84
30-Apr-20,76,3,2,81,51.3,114.66,1.7,24.7,18.74,110.19,0.78
01-May-20,223,2,73,298,59.81,137.96,1.54,25.79,19.85,112.1,0.72
02-May-20,384,3,89,476,29.35,80.72,2.01,21.3,18.55,67.65,0.82
08-May-20,338,2,89,429,99.97,179.12,1.18,32.59,26.88,22.55,0.7
09-May-20,224,0,0,224,51.71,121.6,1.73,25.87,20.86,6.88,0.8
10-May-20,381,5,49,435,47.26,99.39,1.96,25.99,19.61,8.18,0.7
11-May-20,310,0,60,370,45.75,95.34,2.19,33.85,19.1,17.38,0.8
12-May-20,406,13,383,802,40.62,92.58,1.98,30.19,18.55,14.4,0.73
13-May-20,359,20,346,725,86.45,177.77,2.01,29.78,21.52,19.74,1.02
14-May-20,472,9,187,668,73.93,151.74,4.76,32.21,19.43,17.56,0.83
15-May-20,425,8,473,906,111.32,118.49,2.63,33.13,23.9,,0.97
16-May-20,438,6,408,852,176.64,284.43,2.44,38.58,29.45,,1.22
17-May-20,422,19,276,717,238.92,369.25,4.04,40.89,37.33,23.66,1.3
18-May-20,299,12,283,594,208.48,305.47,6.68,46.06,33.71,27.42,1.32
19-May-20,500,6,265,771,276.72,374.09,13.76,68,39.18,4.29,2.03
20-May-20,534,10,442,986,73.61,167.71,2.71,46.95,25.43,,1.01
21-May-20,571,18,375,964,123,213.5,4.08,46.83,23.49,,1.15
22-May-20,660,14,330,1004,216.17,337.64,5.94,59.35,30.98,,1.67
23-May-20,591,23,370,984,116.66,281.6,7.12,46.8,21.65,72.34,1.07
24-May-20,508,30,273,811,51.23,195.1,2.14,33.95,16.04,26.57,0.81
25-May-20,635,15,231,881,88.19,212.64,2.86,39.06,18.8,22.92,1.01
26-May-20,412,12,183,607,65.13,224,12.82,45.77,19.81,17.28,1.47
27-May-20,792,15,310,1117,35.57,160.85,2.05,39.84,21.98,,0.37
28-May-20,1024,13,231,1268,33.93,212.09,2.45,28.33,24.31,,0.64
29-May-20,1105,82,351,1538,25.5,65.96,2.44,28.41,28.68,48.15,0.56
30-May-20,1163,18,229,1410,20.97,51.27,2.29,21.49,26.78,15.45,0.65
31-May-20,1295,57,403,1755,18.74,41.21,2.27,22.01,26.56,,0.82
01-Jun-20,990,50,268,1308,58.89,105.54,2.58,32.2,26.63,49.49,1.02
02-Jun-20,1298,33,497,1828,49.32,101.69,2.44,29.75,27.39,37.37,0.76
03-Jun-20,1513,59,299,1871,64.95,138.93,2.45,34.15,25.58,25.89,0.91
04-Jun-20,1359,44,356,1759,81.46,158.51,4.36,46.9,26.86,51.13,0.75
05-Jun-20,1330,49,417,1796,46.75,86.67,2.63,33.15,25.23,19.59,0.75
06-Jun-20,1320,53,349,1722,34.83,70.66,2.46,29.2,24.55,7.04,0.64
07-Jun-20,1282,51,335,1668,39.07,84.39,2.53,28.62,23.25,8.52,0.72
08-Jun-20,1007,62,358,1427,50.64,112.16,2.55,33.45,23.2,15.8,0.74
09-Jun-20,1366,31,504,1901,89.46,184.75,2.79,39.84,24.41,10.65,0.93
10-Jun-20,1501,79,384,1964,63.3,183.92,3.91,38.66,24.57,11.92,0.75
11-Jun-20,1877,101,486,2464,47.89,131.52,3.19,36.39,25.35,9.77,0.92
12-Jun-20,2137,129,667,2933,61.61,151.84,2.37,36.51,27.21,9.66,0.93
13-Jun-20,2134,57,1547,3738,47.15,126.84,3.21,33.88,24.58,8.57,0.73
14-Jun-20,2224,56,878,3158,70.61,156,3.89,37.76,26.08,19.76,0.9
15-Jun-20,1647,73,604,2324,43.78,114.05,2.29,32.64,23.69,12.83,0.97
16-Jun-20,1859,437,73,2369,36.02,93.83,2.4,33.34,20.77,19.31,1.06
17-Jun-20,2414,67,957,3438,26.54,70.93,2.75,22.63,20.58,6.4,0.67
18-Jun-20,2877,65,3884,6826,38.82,129.09,2.62,35.09,25.67,7.4,1.44
19-Jun-20,3137,66,2228,5431,50.67,227.16,2.69,29.14,23.56,5.6,0.83
20-Jun-20,3630,77,7725,11432,30.22,104.99,3.12,28.99,20.16,6.7,0.74
21-Jun-20,3000,63,1719,4782,38.15,99.53,3.4,35.25,24.56,4.72,1.1
22-Jun-20,2909,58,3589,6556,42.91,91.76,3.09,39.96,29.89,3.84,0.94
23-Jun-20,3947,68,2711,6726,27.94,61,3.73,31.1,28.79,15.93,0.69
24-Jun-20,3788,64,2124,5976,30.98,58,3.65,30.94,25.79,6.44,0.83
25-Jun-20,3390,64,3328,6782,35.28,76.25,2.71,32.39,24.24,8.94,0.63
26-Jun-20,3460,63,2326,5849,56.41,122.5,3.38,31.38,24.27,12.38,1.17
27-Jun-20,2948,66,2210,5224,31.98,155.71,3.3,25.78,21.71,10.93,0.88
28-Jun-20,2889,65,3306,6260,47.34,306.5,3.81,28.18,20.75,16.48,0.72
29-Jun-20,2084,57,3628,5769,31.56,159.03,4.2,30.86,19.4,15.74,0.16
30-Jun-20,2199,62,2113,4374,41.03,94.15,3,33.84,21.57,16.15,0.84
01-Jul-20,2442,61,1644,4147,51.38,115.72,3.55,39.12,24.51,8.42,1.25
02-Jul-20,2373,61,3015,5449,62.91,126.96,2.57,34.92,25.88,10.44,0.85
03-Jul-20,2520,59,2617,5196,67.99,167,2.92,41.96,28.62,13.96,0.81
04-Jul-20,2505,81,2632,5218,43.07,95.88,3.34,39.33,27.48,24.9,1.12
05-Jul-20,2244,63,3083,5390,36.39,55.95,3.08,31.23,22.99,24.21,1.13
06-Jul-20,1379,48,749,2176,55.77,96.54,4.88,39.35,28.06,25.07,1.58
07-Jul-20,2008,50,2129,4187,20.92,42.23,8.68,33.66,25.06,31.81,1.95
08-Jul-20,2033,48,3982,6063,29.81,53.81,5.47,35.17,25.18,23.04,1.55
09-Jul-20,2187,45,4027,6259,38.77,70.54,4.6,32.2,24.32,23.06,1.13
10-Jul-20,2089,42,2468,4599,25.48,54.4,2.65,24.33,22.96,24.87,0.76
11-Jul-20,1781,34,2998,4813,21.49,48.72,3.22,27.92,20.76,20.24,1.03
12-Jul-20,1573,37,2276,3886,19.86,40.47,2.66,24.7,20.23,21.11,0.81
13-Jul-20,1246,40,1344,2630,28.92,86.09,3.02,27.98,20.59,21.96,0.71
14-Jul-20,1606,35,1924,3565,37.2,121.3,3.38,29.89,23.97,22.05,1.02
15-Jul-20,1647,41,2463,4151,43.88,98.66,4.84,38.79,26.56,22.44,1.01
16-Jul-20,1652,58,1994,3704,35.47,65,7.03,39.25,26.62,22.49,1.03
17-Jul-20,1462,26,1608,3096,49.62,86.71,8.55,42.01,28.35,22.47,1.11
18-Jul-20,1475,26,1973,3474,42.01,81.88,5.79,39.15,29.99,68.76,1.08
19-Jul-20,1211,31,1860,3102,24.74,46.79,4.66,30.78,26.57,7.92,1.58
20-Jul-20,954,35,1784,2773,19.88,43.24,3.03,32.28,24.94,7.81,0.72
21-Jul-20,1349,27,1200,2576,25.53,43.36,5.39,35.51,21.48,7.27,0.84
22-Jul-20,1227,29,1532,2788,24.39,37.29,6.18,34.86,21.48,7.34,1.1
23-Jul-20,1041,26,1415,2482,35.84,66.37,7.65,40.21,21.7,11.9,1.01
24-Jul-20,1025,32,1866,2923,46.29,93.23,9.91,49.51,28.21,68.89,1.03
25-Jul-20,1142,29,2137,3308,37.39,67.46,6.32,37.15,31.62,7.68,1.24
26-Jul-20,1075,21,1807,2903,43.3,79.51,3.47,40.98,30.98,6.83,1.58
27-Jul-20,613,26,1497,2136,36.18,84.48,4.06,32.16,29.93,81.65,1.27
28-Jul-20,1056,28,1135,2219,22.95,61.07,3.29,26.71,27.77,7.68,1.27
29-Jul-20,1035,26,1126,2187,23.42,64.24,4.83,37.49,24.13,42.27,1.09
30-Jul-20,1093,29,1091,2213,17.93,39.93,3.23,31.67,22.08,7.52,1.11
31-Jul-20,1195,27,1206,2428,44.58,80.26,6.34,41.65,24.43,7.33,1.01
01-Aug-20,1118,26,1201,2345,39.01,70.23,4.06,34.9,27.22,7.88,1.29
02-Aug-20,961,15,1186,2162,26.03,50.3,2.82,23.83,25.43,8.08,1.06
03-Aug-20,805,17,937,1759,29.02,54.77,2.63,22.02,26.01,7,0.68
04-Aug-20,674,12,972,1658,26.12,54.58,2.81,27.39,23.14,8.05,0.89
05-Aug-20,1076,11,890,1977,45.35,90.71,9.26,48.54,22.94,73.66,1.14
06-Aug-20,1299,15,1008,2322,24.17,63.77,8.29,34.94,24.49,57.52,1.18
07-Aug-20,1192,23,1108,2323,33.55,62.35,5.61,32.62,24.13,3.99,0.8
08-Aug-20,1404,16,1130,2550,60.03,100.12,2.65,34.7,26.91,15.4,0.64
09-Aug-20,1300,13,1225,2538,43.2,71.39,7.03,28.53,27.46,5.95,0.85
10-Aug-20,707,20,1070,1797,43.43,69.09,7.08,31.97,32.11,6.83,0.74
11-Aug-20,1257,8,727,1992,48.99,77.84,3.15,30.74,29.28,6.68,0.52
12-Aug-20,1113,14,1021,2148,26.12,45.81,3.42,19.38,23.05,6.85,0.54
13-Aug-20,956,14,913,1883,16.04,31.94,13.76,32.99,19.94,6.81,1.04
14-Aug-20,1192,11,790,1993,32.61,60.08,22.18,40.45,19.16,7.12,1.29
15-Aug-20,1276,10,1143,2429,34.95,50.03,4.11,23.15,21.49,7.16,0.68
16-Aug-20,652,8,1310,1970,26.03,41.93,5.13,28.04,21.24,7.04,0.75
17-Aug-20,787,18,740,1545,36.7,50.71,6.12,25.38,19.29,6.92,0.72
19-Aug-20,1398,9,1320,2727,37.3,69.38,31.83,63.34,51.87,5.58,1.77
20-Aug-20,1215,22,1059,2296,34.28,70.18,36.16,55.88,25.26,3.55,1.51
21-Aug-20,1250,13,1082,2345,31.62,61.83,26.2,38.09,20.21,3.35,1.3
22-Aug-20,1412,14,1230,2656,24.11,54.7,19.35,32.13,20.65,3.56,0.77
23-Aug-20,1450,16,1250,2716,23.1,42.16,10.5,28.19,20.12,3.33,0.76
24-Aug-20,1061,13,1200,2274,19.85,36.52,11.95,30.24,18.47,3.65,0.82
25-Aug-20,1544,17,1155,2716,19.79,38.74,6.09,26.69,18.05,3.88,0.7
26-Aug-20,1693,17,1154,2864,15.28,44.18,7.01,24.68,16.51,3.6,0.79
27-Aug-20,1840,22,1130,2992,25.09,61.94,29.53,31.11,16.26,3.55,1.09
28-Aug-20,1808,20,1446,3274,41.6,86.35,33.97,41.45,21.61,3.6,0.98
29-Aug-20,1954,15,1449,3418,49.67,101.89,26.9,48.95,24.77,4.51,1.81
30-Aug-20,2024,22,1249,3295,28.65,61.78,10.28,32.91,23.05,3.22,0.6
31-Aug-20,1358,18,1507,2883,11.81,39.8,4.55,29.68,18.29,3.93,1.75
01-Sep-20,2312,18,1050,3380,17.24,54.62,6.18,35.56,15.82,4.02,0.81
02-Sep-20,2509,19,1858,4386,21.43,69.18,3.34,39.39,15.96,3.62,0.68
03-Sep-20,2737,19,1528,4284,33.32,85.25,11.36,49.92,17.81,3.05,0.69
04-Sep-20,2914,13,1751,4678,37.41,88.56,3.71,40.8,20.7,3.68,0.72
05-Sep-20,2973,25,1920,4918,28.87,103.11,11.2,48.69,20.94,4.06,0.8
06-Sep-20,3256,29,2188,5473,31.59,79.76,7.79,43.28,20.46,3.81,0.82
07-Sep-20,2077,32,2411,4520,52.79,113.23,10.86,46.85,22.84,3.53,0.77
08-Sep-20,3609,19,1756,5384,29.41,85.42,6.14,40.05,20.76,2.74,0.97
09-Sep-20,4039,20,2623,6682,52.22,124.94,5.21,46.09,22.77,4.05,0.9
10-Sep-20,4308,28,2637,6973,49.56,130.97,2.86,44,22.72,4.53,0.73
11-Sep-20,4266,21,2754,7041,49.45,151.55,9.18,49.42,23.72,3.59,1.01
12-Sep-20,4321,28,3141,7490,60.62,165.62,11.51,57.14,25.21,4.73,0.7
13-Sep-20,4235,29,3403,7667,65.86,165.46,2.34,46.21,26.34,3.93,0.77
14-Sep-20,3229,26,3374,6629,63.75,157.73,4.09,51.06,25.14,3.91,1.19
15-Sep-20,4263,36,3131,7430,64.04,165.01,3.64,51.78,23.96,4.5,1.02
16-Sep-20,4473,33,3313,7819,61.4,165.54,2.57,44.34,24.2,5.42,0.8
17-Sep-20,4432,38,3587,8057,43.7,128.11,3.14,40.84,24.08,0.84,0.73
18-Sep-20,4127,30,3568,7725,41.81,124.1,3.35,35.41,23.54,5.03,0.52
19-Sep-20,4071,38,4219,8328,54.5,147.93,4.75,47.11,23.3,0.65,0.54
20-Sep-20,3812,37,3742,7591,70.85,170.15,3.97,47.28,24.74,2.58,0.15
21-Sep-20,2548,32,3672,6252,58.69,158.53,3.07,49.99,24.26,3.61,0.66
22-Sep-20,3816,37,3097,6950,41.77,121.7,7.41,50.74,24.71,12.91,0.62
23-Sep-20,3714,36,4465,8215,24.25,86.04,8.25,39.68,22.22,8.06,1.46
24-Sep-20,3834,36,3509,7379,41.04,107.68,6.51,43.18,22.57,10.24,1.62
25-Sep-20,3827,24,4061,7912,55.95,150.74,3.81,46.69,22.23,13.44,1.66
26-Sep-20,3372,46,4476,7894,56.58,177.01,6.58,49.29,24.07,17.57,1.57
27-Sep-20,3292,42,3739,7073,32.53,123.78,13.53,41.51,22.19,16.03,1.78
28-Sep-20,1984,37,4052,6073,58.09,194.4,6.12,50.97,24.71,14.23,1.69
29-Sep-20,3227,48,2778,6053,68.2,208.59,3.1,44.31,26.36,18.18,1.7
30-Sep-20,3390,41,3965,7396,57.14,179.95,3.33,44.23,23.17,18.43,1.63
01-Oct-20,3037,40,3167,6244,56.1,181.75,9.74,54.82,23.78,20.99,1.88
02-Oct-20,2920,37,3171,6128,77.32,205.47,3.49,45.75,26.72,18.37,1.38
03-Oct-20,2258,34,3440,5732,72.07,183.44,3.8,56.18,25.25,13.34,1.64
04-Oct-20,2683,38,3126,5847,75.88,205.06,5.98,60.72,24.66,20.87,1.36
05-Oct-20,1947,32,3588,5567,64.3,204.96,4.08,56.16,24.66,14.03,1.45
06-Oct-20,2676,39,2997,5712,74.25,216.54,8.99,68.23,26.23,20.25,1.74
07-Oct-20,2871,35,3370,6276,78.75,239.85,20.31,76.6,27.41,22.21,1.95
08-Oct-20,2726,37,2643,5406,76.24,223.68,7.95,66.55,27.49,24.61,1.7
09-Oct-20,2860,39,3098,5997,86.6,238.46,6.19,68.92,28.3,21.3,1.77
10-Oct-20,2866,48,2766,5680,91.66,237.52,3.09,61.34,30,22.63,1.7
11-Oct-20,2780,29,3057,5866,98.58,239.72,4.08,64.39,30,21.43,1.89
12-Oct-20,1849,40,2975,4864,115.96,295.39,62.52,98.72,30.85,20.41,3.03
13-Oct-20,3036,45,2036,5117,67.7,340.92,128.76,104.2,38.87,17.11,3.9
14-Oct-20,3324,44,2867,6235,89.65,343.85,51.1,98.54,45.96,23.7,3.18
15-Oct-20,3483,26,2755,6264,124.3,314.2,42.94,89.52,38.01,21.17,2.24
16-Oct-20,3428,22,3197,6647,113.17,257.57,37.07,91.06,29.73,24.23,2.13
17-Oct-20,3259,35,3154,6448,126.05,288.51,39.77,97.7,35.08,27.18,2.49
18-Oct-20,3299,28,2863,6190,78.94,253.07,12.21,76.09,31.52,15.08,1.88
19-Oct-20,2154,31,2845,5030,40.48,289.14,9.23,77.1,30.05,18.81,1.75
20-Oct-20,3579,41,2186,5806,145.86, ,61.99,94.59,30.41,27.49,2.12
21-Oct-20,3686,47,3444,7177,136.93, ,148.17,133.76,36.56,20.09,2.62
22-Oct-20,3882,35,2727,6644,188.11,366.33,115.56,141.72,45.88,19.96,2.24
23-Oct-20,4086,26,3296,7408,249.59,327.48,78.51,104.08,39.71,17.77,2.49
24-Oct-20,4116,36,3614,7766,221.92,399.31,113.11,91.3,38.16,9.15,2.43
25-Oct-20,4136,33,3826,7995,213.69,383.29,168.19,98.37,37.34,9.13,3.21
26-Oct-20,2832,54,3736,6622,205.2,341.26,128.7,92.43,37.58,8.69,2.22
27-Oct-20,4853,44,2722,7619,174.91,296.62,44.2,70.94,31.57,12.19,1.76
28-Oct-20,5673,40,4128,9841,198.82,345,110.33,92.99,32.86,13.6,2.6
29-Oct-20,5739,27,4138,9904,280.61,460.07,170.89,129.58,41.58,11.5,2.99
30-Oct-20,5891,47,4433,10371,259.31,400.39,49.52,96.22,40.24,12.69,2.07
31-Oct-20,5062,41,4665,9768,282.53,404.88,7.33,79.97,35.72,13.83,2.57
01-Nov-20,5664,51,4159,9874,289.53,423.76,30.16,77.54,31.79,17.04,2.93
02-Nov-20,4001,42,4824,8867,173.32,305.81,54.47,84.37,27.84,13.74,3.68
03-Nov-20,6725,48,3610,10383,155.08,328,99.29,97.58,29.3,13.63,3.44
04-Nov-20,6842,51,5797,12690,355.12,546.24,77.52,94.78,38.4,9.92,3.69
05-Nov-20,6715,66,5289,12070,306.67,464.58,89.69,79.16,32.47,8.1,3.47
06-Nov-20,7178,64,6121,13363,298.1,477.67,90.65,77,32.17,9.43,2.93
07-Nov-20,6953,79,6338,13370,364.93,528.1,69.52,76.3,32.36,8.09,3.18
08-Nov-20,7745,77,6069,13891,352.4,531.92,89.69,84.89,33.58,12.09,2.82
09-Nov-20,5023,71,7014,12108,609.18,770.44,59.58,94.07,43.39,11.24,3.48
10-Nov-20,7830,83,6157,14070,614.37,552.61,94.95,119.38,45.91,9.97,3.13
11-Nov-20,8593,85,7264,15942,266.58,475.32,212.51,110.76,35.77,12.72,3.7
12-Nov-20,7053,104,6462,13619,234.98,434.68,171.61,107.84,34.25,7.91,4.41
13-Nov-20,7802,91,6498,14391,239.97,397.35,68.93,85.02,32.39,8.23,2.91
14-Nov-20,7340,96,7117,14553,418.22,571.96,39.9,86.66,34.54,13.41,3.29
15-Nov-20,3235,95,7606,10936,294.55,333.55,15.79,66.95,32.83,16.01,1.6
16-Nov-20,3797,99,3560,7456,98.1,143.32,4.5,35.58,28.52,8.04,1.08
17-Nov-20,6396,99,4421,10916,76.66,151.81,5.78,51.75,25.72,8.16,1.6
18-Nov-20,7486,131,6901,14518,122.7,215.84,21.99,61.09,22.51,6.24,2.13
19-Nov-20,7546,98,6685,14329,143.76,245.84,23.73,67.09,20.89,7.37,1.68
20-Nov-20,6608,118,8775,15501,154.93,183,5.94,55.85,18.85,9.35,1.45
21-Nov-20,5879,111,6963,12953,118.99,203.31,12.73,51.73,18.95,8.92,1.65
22-Nov-20,6746,121,6154,13021,152.71,251.08,30.44,59.57,19.36,11.87,2.09
23-Nov-20,4454,121,7216,11791,222.07,366.82,119.5,106.21,20.07,13.98,3.39
24-Nov-20,6224,109,4943,11276,291.61,475.01,89.38,118.82,24.09,13.61,3.75
25-Nov-20,5246,99,5361,10706,293.58,468.18,64.05,100.98,29.16,15.58,3.11
26-Nov-20,5475,91,4937,10503,125.74,181.15,12.18,50.26,21.16,8.95,1.39
27-Nov-20,5482,98,5937,11517,74.96,143.47,7.83,44.39,20.35,5.38,1.32
28-Nov-20,4998,89,6512,11599,127.58,208.55,17.53,57.2,18.51,7.18,1.89
29-Nov-20,4906,68,6325,11299,152.28,249.22,32.59,60.23,21.09,6.13,2.33
30-Nov-20,3726,108,5824,9658,195.74,314.36,59.81,75.81,24.77,8.4,3.03
01-Dec-20,4006,86,5036,9128,261.96,413.44,81.3,92.37,30.54,11.68,3.81
02-Dec-20,3944,82,5329,9355,239.5,368.28,48.84,80.27,30.74,11.3,3.02
03-Dec-20,3734,82,4834,8650,216.89,357.94,59.1,88.8,30.4,12.12,1.96
04-Dec-20,4067,73,4862,9002,272.75,428.32,131.96,124.74,34.48,8.51,3.92
05-Dec-20,3419,77,4916,8412,248.18,354.31,23.01,95.62,34.33,9.93,2.23
06-Dec-20,2706,69,4622,7397,246.16,352.39,16.4,84.33,37.67,5.56,1.91
07-Dec-20,1674,63,3818,5555,298,402.89,31.3,72.77,43.48,9.48,2.47
08-Dec-20,3188,57,3307,6552,260.26,387.83,62.49,81.35,39.82,11.95,3.24
09-Dec-20,2463,50,4177,6690,245.23,396.81,139.38,95.12,41.34,13.22,3.49
10-Dec-20,1575,61,3307,4943,133.83,235.4,58.49,71.24,41.92,11.09,1.73
11-Dec-20,2385,60,2402,4847,154.3,261.51,59.91,100.76,43.37,9.65,2
12-Dec-20,1935,47,3191,5173,248.38,336.73,24.36,67.29,48.85,8.03,1.95
13-Dec-20,1984,33,2539,4556,115.87,163.79,7.93,46.62,37.19,5.23,1.08
14-Dec-20,1376,60,2854,4290,81.36,121.33,6.23,42.74,29.99,6.75,0.83
15-Dec-20,1617,41,2343,4001,120.18,174.72,13.04,58.13,27.48,23.42,1.07
16-Dec-20,1547,32,2734,4313,117.53,168.37,13.06,55.92,34.23,5.8,1.14
17-Dec-20,1363,35,2391,3789,138.12,193.79,11.51,50.67,34,6.89,1.21
18-Dec-20,1418,37,2160,3615,160.97,236.7,20.17,66.01,31.34,8.46,1.57
19-Dec-20,1139,32,2168,3339,166.21,254.02,23.14,78.44,32.56,4.63,1.61
20-Dec-20,1091,26,1275,2392,207.92,309.93,37.68,79.23,36.11,8.36,1.89
21-Dec-20,803,27,1669,2499,226.1,333,71.52,85.51,39.95,22.7,2.53
22-Dec-20,939,25,1434,2398,360.11,505.33,125.37,98,52.93,18.86,2.91
23-Dec-20,871,18,1585,2474,407.35,540.39,217.13,95.55,56.54,21.36,4
24-Dec-20,1063,37,1120,2220,328.96,359.74,165.53,87.33,57.2,10.32,3.73
25-Dec-20,758,30,1370,2158,210.35,302.9,56.58,77.01,43.92,7.92,2.16
26-Dec-20,655,23,988,1666,238.07,344.32,71.41,84.27,43.62,9.38,2.32
27-Dec-20,757,16,939,1712,246.57,360.72,75.93,86.08,45.05,15.12,2.1
28-Dec-20,564,21,959,1544,94.41,235.92,17.52,62.14,29.29,10.31,1.08
29-Dec-20,703,28,850,1581,127.34,254.84,11.48,64.99,39.31,10,1.22
30-Dec-20,677,21,940,1638,149.15,212.99,12.53,55.89,44.77,7.36,1.36
31-Dec-20,574,13,888,1475,271.26,349.35,32.91,68.28,51.01,11.31,2.28
01-Jan-21,585,21,717,1323,567.52,650.33,163.68,113.21,57.3,13.14,4.94
02-Jan-21,494,14,496,1004,350.8,443.82,60.63,101.25,51.87,8.05,2.58
03-Jan-21,424,14,708,1146,150.7,188.03,31.78,67.14,48.99,6.06,1.49
04-Jan-21,384,12,727,1123,105.12,140.06,35.63,62.56,42.94,9.98,1.46
05-Jan-21,442,12,557,1011,68.65,82.73,38.78,51.99,32.66,8.07,1.38
06-Jan-21,654,16,719,1389,152.92,205.8,49.59,52.69,38.63,8.66,1.69
07-Jan-21,486,19,780,1285,106.36,168.89,12.89,39.04,31.92,5.79,1.34
08-Jan-21,444,10,823,1277,145.08,225.08,17.83,47.41,29.13,8.43,1.21
09-Jan-21,519,12,603,1134,137.29,206.04,11.77,43.69,36.24,12.8,1.15
10-Jan-21,399,12,602,1013,117.12,162.55,6.14,37.29,41.37,5.7,0.95
11-Jan-21,306,13,407,726,149.06,188.76,6.96,45.49,41.18,5.34,1.22
12-Jan-21,386,16,545,947,166.11,244.55,30.06,57.12,44.05,6.92,1.74
13-Jan-21,357,11,534,902,257.48,353.67,47.06,70.5,40.49,12.08,2.17
14-Jan-21,340,4,390,734,479.58,631.51,94.54,110.86,47.41,8.75,3.58
15-Jan-21,295,10,427,732,580.43,669.16,115.84,115.07,52.94,9.32,4.2
16-Jan-21,299,6,397,702,218.37,303.09,29.3,74.95,46.56,6.5,2.23
17-Jan-21,246,8,385,639,212.26,224.07,12.16,65.92,42.16,8.74,1.97
18-Jan-21,161,8,362,531,260.22,207.21,92.92,110.6,39.8,11.9,2.62
19-Jan-21,231,10,222,463,275.42, ,110.42,97.61,51.32,17.84,3.35
20-Jan-21,228,10,405,643,81.32,165,5.05,52.43,40.69,8.05,1.33
21-Jan-21,227,8,246,481,81,85,43.1,89.7,38.15,13.91,2.31
22-Jan-21,266,7,319,592,163.42,279.46,120.34,140.63,44.17,9.69,2.69
23-Jan-21,197,10,367,574,103.65,239.83,13.71,77.45,38.48,4.74,1.96
24-Jan-21,185,9,315,509,140.21,324.78,23.69,72.69,41.52,6.02,1.73
25-Jan-21,148,5,190,343,113.15,265.83,24.97,68.26,34.25,9.16,2
26-Jan-21,157,7,218,382,132.27,312.6,20,68.02,36.21,11.01,2.12
27-Jan-21,96,9,212,317,130.73,311.77,28.81,84.42,36.5,11.86,2.58
28-Jan-21,199,6,119,324,179.49,430.71,66.2,124,42.01,18.22,2.79
29-Jan-21,249,6,267,522,156.03,371.01,25.59,91.01,38.72,12.95,2.59
30-Jan-21,183,8,290,481,114.84,264.74,27.15,79.31,32.21,16.8,2.24
31-Jan-21,140,4,211,355,151.41,377.06,129.71,88.39,41.37,16.73,3.11
01-Feb-21,121,3,214,338,174.45,386.19,146.35,108.2,49.87,12.1,3.47
02-Feb-21,114,2,160,276,188.56,342.69,108.36,112.99,51.96,25.47,3.07
03-Feb-21,150,6,153,309,118.41,224.64,32.16,101.23,50.36,16.56,2.09
04-Feb-21,158,7,165,330,109.08,199.61,27.26,78.77,51.64,14.27,2.06
05-Feb-21,154,2,140,296,55.41,128.65,27.17,67.7,36.9,11.6,1.82
06-Feb-21,123,4,151,278,80.61,160.98,10.14,60.27,32.69,15.49,1.89
07-Feb-21,119,2,179,300,109.6,225.47,19.46,48.09,31.62,15.53,2.39
08-Feb-21,125,3,138,266,157.39,440.64,59.67,56.29,37.3,10.21,2.78
09-Feb-21,100,0,144,244,169.93,341.97,75.08,70.94,38.16,20.62,3.07
10-Feb-21,127,2,131,260,156.69,311.6,89.07,73.92,40.57,19.18,2.88
11-Feb-21,142,2,135,279,142.8,223.42,35.03,69.54,40.19,20.81,2.5
12-Feb-21,141,3,136,280,189.4,273.03,30.98,62.42,40.92,16.97,2.74
13-Feb-21,126,0,138,264,147.18,228.25,54.22,71.48,40.88,10.52,3.05
14-Feb-21,150,2,158,310,166.65,299.71,112.07,72.75,40.43,17.46,3.11
15-Feb-21,141,2,134,277,128.2,277.33,74.15,66.7,38.39,16.54,2.69
16-Feb-21,94,1,110,205,135.03,289.99,31.94,82.63,40.46,17.41,2.76
17-Feb-21,134,0,75,209,158.88,310.15,65.42,75.34,42.27,17.31,3.1
18-Feb-21,130,2,153,285,129.72,265.28,65.54,78.73,40,16.06,2.9
19-Feb-21,158,1,157,316,162.41,292.29,37.57,67.78,44.69,16.22,2.83
20-Feb-21,152,1,179,332,108.88,201.06,22.9,59.21,37.7,12.51,3.1
21-Feb-21,145,2,97,244,169.26,300.2,15.96,63.57,37.14,25.64,3.41
22-Feb-21,128,1,157,286,133.78,261.03,26.19,60.54,33.69,20.83,3.8
23-Feb-21,145,2,130,277,132.22,289.27,39.41,60.02,37.42,25.31,2.88
24-Feb-21,200,2,115,317,165.43,353.74,109.58,65.99,42.54,27.29,3.34
25-Feb-21,220,0,188,408,159.34,318.65,97.46,59.18,45.91,20.88,2.85
26-Feb-21,256,1,193,450,126.28,255.45,53.66,50.08,38.98,27.93,2.78
27-Feb-21,243,3,164,410,73.21,220.03,41.04,48.14,31.85,16.46,2.4
28-Feb-21,197,1,168,366,75.54,209.83,11.46,51.24,31.76,17.89,1.9
01-Mar-21,175,1,105,281,76.28,172.66,7.21,48.87,30.68,19.78,2.05
02-Mar-21,217,0,78,295,74.94,165.38,2.88,35.62,28.62,17.99,1.91
03-Mar-21,240,3,196,439,144.56,252.67,42.32,58.78,29.81,33.36,2.78
04-Mar-21,261,1,143,405,156.24,292.1,135.86,94.28,35.86,21.39,2.91
05-Mar-21,312,3,231,546,105.29,167.32,20.49,49.02,36.84,17.06,2.23
06-Mar-21,321,1,320,642,124.51,192.73,46.2,53.51,34.98,21.57,2.82
07-Mar-21,286,2,260,548,126.83,193.31,63.39,76.31,37.05,18.7,2.51
08-Mar-21,239,3,309,551,103.84,160.31,11.42,61.41,40.18,12.14,2.39
09-Mar-21,320,4,234,558,129.8,191.49,18.34,65.29,44.96,16.49,2.34
10-Mar-21,370,3,279,652,79.81,123.66,18.93,55.66,37.22,17.9,2.32
11-Mar-21,409,3,286,698,116.78,179.65,66.33,76.39,38.89,23.48,2.8
12-Mar-21,431,2,356,789,70.11,158.44,18.92,59.77,34.71,12.05,2.02
13-Mar-21,419,3,302,724,127.85,198.71,31.76,59.15,38.69,25.6,2.38
14-Mar-21,407,2,350,759,99.34,130.08,5.86,46.48,33.63,21.28,2.05
15-Mar-21,368,3,306,677,102.85,203.13,5.36,47.37,33.58,28.13,2.12
16-Mar-21,425,1,257,683,118.47,244.68,5.7,51.57,31.61,29.26,2.11
17-Mar-21,536,3,319,858,130.65,282.92,10.58,63.29,31.44,32.03,2.26
18-Mar-21,607,1,384,992,132.18,315.11,25.47,77.4,29.26,28.17,2.44
19-Mar-21,716,4,471,1191,106.9,234.85,7.25,57.98,27,24.44,2.21
20-Mar-21,813,2,567,1382,132.12,264.8,12.44,61.33,30.85,33.74,2.36
21-Mar-21,823,1,613,1437,141.18,252.71,18.39,64.45,28.96,36.65,2.35
22-Mar-21,888,7,565,1460,73.24,182.88,11.01,63.28,24.1,13.25,2.21
23-Mar-21,1101,4,620,1725,59.87,191.89,42.49,80.91,27.16,18.17,6.36
24-Mar-21,1254,6,769,2029,84.89,166.12,5.98,45.19,29.91,27.71,0.65
25-Mar-21,1515,5,903,2423,56.25,107.2,3.42,36.97,27.11,16.41,0.56
26-Mar-21,1534,9,971,2514,73.89,135.7,8.52,54.03,28.01,24.22,0.73
27-Mar-21,1558,10,974,2542,116.74,210.43,21.97,72.69,30.12,34.22,0.81
28-Mar-21,1881,9,952,2842,105.03,216.29,22.87,65.49,30.54,25.04,0.75
29-Mar-21,1904,6,1411,3321,69.4,185.67,26.29,72.24,30.87,23.47,1.08
30-Mar-21,992,4,1591,2587,105.56,360.74,23.96,52.25,34.3,19.7,0.8
31-Mar-21,1819,11,399,2229,60.77,215.28,2.35,35.5,26.86,22.16,0.5
01-Apr-21,2790,9,1121,3920,51.26,197.2,2.24,35.34,24,28.12,0.72
02-Apr-21,3594,14,2084,5692,67.06,168.39,4.26,51.37,24.63,36.34,0.65
03-Apr-21,3567,10,2904,6481,56.75,145.78,17.89,74.57,25.36,29.08,0.78
04-Apr-21,4033,21,2677,6731,86.4,196.67,20.94,77.12,27.38,42.61,0.83
05-Apr-21,3548,15,2936,6499,82.28,215.47,19.11,93.96,30.18,36.34,0.93
06-Apr-21,5100,17,2330,7447,117.71,292.31,9.46,99.07,36.43,35.39,0.95
07-Apr-21,5506,20,3363,8889,72.78,222.88,3.58,49.49,31.28,27.74,0.69
08-Apr-21,7437,24,3687,11148,59.16,143.05,12.01,60.27,26.85,35.53,0.72
09-Apr-21,8521,39,5032,13592,60,171.65,18.4,70.89,28.11,28.96,0.77
10-Apr-21,7897,39,5716,13652,75.11,190.02,13.61,76.39,30.86,36.66,0.84
11-Apr-21,10774,48,5158,15980,85.08,197.89,16.98,73.45,29.72,43.66,0.82
12-Apr-21,11491,72,7665,19228,109.52,258.85,16.91,73.61,30.31,42.18,1.07
13-Apr-21,13468,81,7972,21521,106.14,250.41,15.31,62.33,29.2,41.8,1.1
14-Apr-21,17282,104,9952,27338,72.14,199.1,5.39,52.52,25.4,28.57,0.94
15-Apr-21,16699,112,13014,29825,94.43,254.85,10.05,57.87,24.19,30.08,0.98
16-Apr-21,19486,141,12649,32276,95.71,278.71,12.55,54.09,25.16,23.85,0.99
17-Apr-21,24375,167,15414,39956,44.8,81.38,7.25,30.87,32.56,16.42,0.73
18-Apr-21,25462,161,20159,45782,73.57,157.22,5.84,44.85,28.78,27.35,0.88
19-Apr-21,23686,240,21500,45426,88.09,223.89,20.03,62.08,27.04,30.45,1.26
20-Apr-21,28395,277,19430,48102,65.08,188.97,4.34,42.08,25.42,29.6,0.75
21-Apr-21,24638,249,24600,49487,51.16,102.6,2.8,23.46,27.17,22.22,0.72
22-Apr-21,26169,306,19609,46084,44,110.77,4.01,36.85,24.17,17.54,0.76
23-Apr-21,24331,348,23572,48251, ,101.34,4.07,32.29,24.77,21.73,0.75
24-Apr-21,24103,357,22695,47155,63.8,95.96,3.51,37.46,23.17,18.19,0.67
25-Apr-21,22933,350,21071,44354,93.77,179.7,11.75,46.07,24.57,25.32,1.09
26-Apr-21,20201,380,22055,42636,183.57,289.64,23.45,59.17,27.51,36.69,1.65
27-Apr-21,24149,381,17862,42392,215.49,347.31,58.19,63.22,29.03,39.9,1.86
28-Apr-21,25986,368,24130,50484,229.6,381.7,18.15,62.99,27.44,44.89,1.62
29-Apr-21,24235,395,25615,50245,181.44,357.92,7.32,54.76,23.43,44.29,1.14
30-Apr-21,27047,375,25288,52710,131.27,320.59,9.55,50.67,23.79,28.96,1.18
01-May-21,25219,412,27421,53052,76.91,210.16,3.56,36.95,23.56,23.12,0.88
02-May-21,20394,407,24444,45245,69.27,188.97,4.9,33.88,24.56,19.87,0.91
03-May-21,18043,448,20293,38784,98.44,275.2,4.05,31.53,22.66,29.37,0.78
04-May-21,19953,338,18788,39079,68.7,161.89,3.75,31.9,21.88,18.21,0.76
05-May-21,20960,311,19209,40480,73.64,165.19,4.4,34.48,26.76,21.34,0.91
06-May-21,19133,335,20028,39496,55.76,127.36,3.33,27.16,29.71,17.09,0.9
07-May-21,19832,341,19085,39258,56.43,104.74,3.95,39.18,30.96,19.95,0.9
08-May-21,17364,332,20160,37856,71.34,125.07,7.34,49.65,30.94,20.73,0.96
09-May-21,13336,273,14738,28347,53.04,112.33,2.91,28.67,28.85,15.18,0.85
10-May-21,12651,319,13306,26276,51.68,106.73,4.22,40,29.38,15.08,0.95
11-May-21,12481,347,13583,26411,51.1,110.53,2.72,25.9,30.76,17.73,0.77
12-May-21,13287,300,14071,27658,43.66,122.12,3.97,28.66,26.02,17.2,0.78
13-May-21,10489,308,15189,25986,39.48,78.05,3.64,32.12,28.96,9.47,0.84
14-May-21,8506,289,14140,22935,48.23,87.23,3.1,30.7,30,14.51,0.81
15-May-21,6430,337,11592,18359,47.06,139.83,6.02,34.2,26.33,12.02,0.75
16-May-21,6456,262,9706,16424,62.02,132.36,0.54,0.4,0.16,10.53,1.96
17-May-21,4524,340,10918,15782,92.09,173.55,0.29,0.4,0.2,22.97,1.19
18-May-21,4482,265,9403,14150,25.85,51.83,0.1,0.22,0.19,13.82,0.82
19-May-21,3846,235,9427,13508,34.76,44.91,6.91,16.06,6.07,20.84,0.79
20-May-21,3231,233,7831,11295,38.27,62.62,1.31,8.57,9.08,12.26,0.93
21-May-21,3009,252,7288,10549,35.96,54.33,0.73,11.02,8.12,9.27,0.94
22-May-21,2260,182,6453,8895,34.34,55.36,0.78,9.17,7.38,13.97,1.02
23-May-21,1649,189,5158,6996,157.73,342.83,0.63,8.02,7.87,11.11,0.82
24-May-21,1550,207,4375,6132,63.03,120.76,0.26,9.4,7.17,14.96,0.84
25-May-21,1568,156,4251,5975,51.02,109.56,0.51,11.48,6.57,13.32,0.9
26-May-21,1491,130,3952,5573,62.45,114.49,3.72,14.05,6.86,17.78,1.15
27-May-21,1072,117,3725,4914,57.01,115.6,2.48,13.57,7.08,16.6,0.97
28-May-21,1141,139,2799,4079,32.08,69.65,0.31,8.15,7.61,14.53,0.84
29-May-21,956,122,2380,3458,19.96,63.52,0.33,6.49,6.54,16.46,0.76
30-May-21,946,78,1803,2827,26.25,99.09,0.3,6.67,6.21,14.69,0.79
31-May-21,648,86,1622,2356,40.9,96.8,1.12,13.18,5.64,12.16,0.93
01-Jun-21,623,62,1423,2108,32.27,87.65,0.92,10.32,6.25,11.75,0.91
02-Jun-21,576,103,1287,1966,55.28,99.72,1.22,10.91,6.98,17.78,0.98
03-Jun-21,487,45,1058,1590,75.58,138.62,0.37,13.07,7.37,22.37,1.09
04-Jun-21,523,50,1161,1734,83.38,166.22,1.32,13.54,9.28,24.16,1.14
05-Jun-21,414,60,1683,2157,44.51,91.58,0.79,11.53,8.72,14.12,0.92
06-Jun-21,381,34,1189,1604,47.86,114.61,2.54,10.05,7.64,16.16,1.01
07-Jun-21,231,36,876,1143,73.12,153.43,1.1,14.69,7.97,16.73,1.06
08-Jun-21,316,41,521,878,81.31,304.03,1.39,10.97,6.87,22.14,0.94
09-Jun-21,337,36,752,1125,58.99,245.75,1.11,9.22,6.58,18.54,0.81
10-Jun-21,305,44,560,909,59.46,156.52,0.96,10.51,8.29,16.36,1.04
11-Jun-21,238,24,504,766,39.45,119.02,0.87,11.42,7.77,14.39,0.98
12-Jun-21,213,28,497,738,34.3,75.4,0.83,9.67,8.07,11.56,0.97
13-Jun-21,255,23,376,654,22.75,67.31,0.47,10.25,7.51,17.89,0.96
14-Jun-21,131,16,355,502,40.26,83.4,0.64,10.11,7.85,16.24,0.9
15-Jun-21,228,12,364,604,37.57,90.8,0.76,8.32,6.94,16.67,0.8
16-Jun-21,212,25,516,753,42.63,73.73,1.55,12.61,6.99,13.24,1.18
17-Jun-21,158,10,343,511,57.02,92.24,5.23,32.03,19.11,16.82,1.01
18-Jun-21,165,14,260,439,29.05,51.31,5.74,36.63,29.27,18.32,0.82
19-Jun-21,135,7,201,343,27.81,49.21,6.59,30.09,25.52,22.2,0.71
20-Jun-21,124,7,398,529,27.33,44.86,5.44,29.12,23.99,18.75,0.8
21-Jun-21,89,11,173,273,42.23,65.27,2.53,38.57,24.74,20.46,0.85
22-Jun-21,397,8,467,872,46.6,123.73,5.13,58.23,26.15,13.8,1.66
23-Jun-21,588,7,702,1297,80.92,198.92,18.28,59.2,28.7,20.46,1.18
24-Jun-21,109,8,131,248,60.05,110.78,4.51,37.45,31.83,18.56,0.84
25-Jun-21,115,4,198,317,60.54,134.73,3.7,36.04,25.56,20.18,0.7
26-Jun-21,85,9,158,252,48.88,82.5,9.9,46.32,25.78,17.51,1.06
27-Jun-21,259,4,285,548,86.6,152.57,6.52,51.26,34,21.56,1.05
28-Jun-21,59,2,72,133,66.35,122,2.41,41.33,33.49,21.65,0.85
29-Jun-21,101,4,119,224,74.54,161.17,2.91,51.97,29.72,17.64,1.02
30-Jun-21,94,6,240,340,68.91,253.04,3.73,35,27.67,22.57,0.68
01-Jul-21,93,4,111,208,48.46,167.38,7.13,30.25,23.73,17.87,0.7
02-Jul-21,93,2,407,502,60.64,192.02,4.77,31.8,22.9,19.58,0.75
03-Jul-21,86,5,106,197,42.97,96.03,6.31,32.19,23.42,21.85,0.73
04-Jul-21,94,7,111,212,57.16,115.42,15.32,44.38,27.03,21.91,0.94
05-Jul-21,54,2,132,188,56.81,108.92,2.53,28.89,24.9,26.01,0.74
06-Jul-21,79,4,154,237,49.09,137.4,2.56,32.24,26.42,26.9,0.77
07-Jul-21,93,4,64,161,52.35,197.67,2.86,30.38,29.82,19.14,0.75
08-Jul-21,93,3,101,197,44.95,222.2,8,33.04,26.45,19.4,0.77
09-Jul-21,81,3,127,211,49.06,117.01,5.77,42.62,27.59,23.03,0.88
10-Jul-21,76,1,81,158,38.89,66.98,6.85,45.75,53.11,27.06,1.4
11-Jul-21,53,3,99,155,44.84,69.34,4.63,30.88,37.53,21.48,0.82
12-Jul-21,45,3,92,140,35.01,56.58,7.57,31.68,24.83,18.58,0.81
13-Jul-21,76,2,84,162,28.92,49.09,12.04,38.07,23.36,17.75,0.89
14-Jul-21,77,1,71,149,39.79,63.83,15.42,42.84,30.3,43.76,1.06
15-Jul-21,72,1,88,161,40.72,72.09,13.86,42.73,44.18,9.9,2.05
16-Jul-21,66,1,79,146,47.49,96.7,12.04,46.44,37.96,12.82,1.05
17-Jul-21,59,4,91,154,51.99,92.48,3.88,37.78,36.24,13.85,0.83
18-Jul-21,51,0,80,131,34.41,73.83,3.85,36.72,28.11,10.73,0.85
19-Jul-21,36,3,58,97,16.01,26.53,7.71,27.96,27.36,9.16,0.9
20-Jul-21,44,5,37,86,38.81,66.08,15.25,40.71,24.95,12.23,1.08
21-Jul-21,62,4,61,127,43.3,92.51,18.9,44.02,28.01,9.38,1.06
22-Jul-21,49,1,29,79,29.23,66.16,10.58,32.45,29.5,11.58,0.94
23-Jul-21,58,1,69,128,35.49,71.66,9.29,36.9,31.91,14.38,0.98
24-Jul-21,66,0,52,118,58.46,118.96,13.47,48.9,34.04,15.15,1.08
25-Jul-21,66,2,72,140,50.39,102.39,17.63,39.46,39.33,13.44,0.91
26-Jul-21,39,1,80,120,52.19,92.86,7.31,39.55,35.37,16.78,0.95
27-Jul-21,77,2,42,121,38.47,58.79,4.84,30.16,33.42,11.86,0.84
28-Jul-21,67,3,61,131,19.53,31.85,5.82,24.98,26.81,8.62,0.75
29-Jul-21,51,0,70,121,29.55,69.22,11.92,31.33,24.37,13.78,0.98
30-Jul-21,63,3,34,100,42.37,74.17,10.96,36.69,25.66,11.72,0.89
31-Jul-21,58,1,56,115,28.88,76.88,19.4,38.11,28.55,15.03,1.02
01-Aug-21,85,1,83,169,38.51,92.59,24.04,39.73,29.89,18.14,1.19
02-Aug-21,51,0,95,146,48.96,102.41,48.28,41.98,32.42,16.81,1.38
03-Aug-21,50,4,65,119,32.06,80.33,18.94,36.09,29.06,13.73,0.91
04-Aug-21,67,0,73,140,31.31,85.27,16.17,38.56,27.99,12.68,0.94
05-Aug-21,61,2,54,117,44.07,113.74,15.73,35.89,31.35,21.49,0.81
06-Aug-21,44,5,41,90,49.85,114.89,11.94,40.32,36.17,16.36,0.94
07-Aug-21,72,1,22,95,44.49,106.67,14.67,46.61,30.67,21.32,1.05
08-Aug-21,66,0,95,161,68.52,123.07,24.79,45.01,34.51,22.45,1.23
09-Aug-21,39,1,76,116,65.04,111.12,15.63,43.2,33.72,20.37,1.05
10-Aug-21,52,1,45,98,37.76,128.97,4.7,28.06,30.32,15.29,0.79
11-Aug-21,37,0,47,84,28.26,117.29,4.18,21.43,30.38,13.22,0.64
12-Aug-21,49,0,41,90,23.81,135.06,4.72,24.01,24.12,13.27,0.55
13-Aug-21,50,0,84,134,25.92,106.04,4.32,22.34,25.29,10.19,0.54
14-Aug-21,50,1,39,90,23.34,114.96,4.61,24.6,23.46,20.59,0.43
15-Aug-21,53,0,18,71,23.45,117.44,3.23,20.67,24.54,17.6,0.43
16-Aug-21,27,0,73,100,28.43,132.07,3.37,25.59,24.47,21.15,0.45
17-Aug-21,38,4,30,72,44.86,149.93,4.01,34.76,26.71,16.9,0.44
18-Aug-21,36,4,76,116,57.24,169.94,3.54,37.79,22.42,13.26,0.59
19-Aug-21,25,2,2,29,84.7,216.78,10.53,51.46,20.08,16.03,0.76
20-Aug-21,57,0,46,103,49.31,105.04,13.57,34.51,27.96,17.57,0.65
21-Aug-21,19,0,48,67,31.28,59.43,19.95,35.77,23.74,16.11,0.7
22-Aug-21,24,0,56,80,41.36,70.53,8.9,28.36,19.11,15.45,0.61
23-Aug-21,17,0,41,58,44.35,81.26,5.97,29.93,19.2,12.2,0.58
24-Aug-21,151,0,114,265,62.27,115.93,6.85,33.9,21.96,11.75,0.67
25-Aug-21,65,1,86,152,41.01,123.55,4.5,22.57,22.01,10.49,0.49
26-Aug-21,45,0,21,66,35.33,120.33,3.65,20.89,17.74,13.33,0.49
27-Aug-21,61,0,62,123,42.6,172.68,4.49,26.86,16.58,16.21,0.51
28-Aug-21,29,0,48,77,54.44,151.17,9.74,40.14,18.15,15.48,0.63
29-Aug-21,31,0,32,63,67.09,135.18,4.78,30.15,23.02,13.53,0.6
30-Aug-21,20,1,36,57,35.53,92.47,7.22,27.29,21.08,12.55,0.56
31-Aug-21,28,1,53,82,27.79,67.58,21.12,31.9,18.27,18.6,0.67
01-Sep-21,36,0,42,78,29.82,62.17,26.06,31.92,17.59,15.21,0.67
02-Sep-21,39,0,38,77,43.43,85.44,21.18,37.75,16.57,12.32,0.79
03-Sep-21,35,0,17,52,32.52,68.42,10.03,30.54,15.56,11.93,0.58
04-Sep-21,55,0,63,118,40.29,86.17,16.55,39.27,17.61,11.81,0.72
05-Sep-21,30,0,33,63,54.41,103.04,23.61,41.91,18.33,14.98,0.86
06-Sep-21,32,0,16,48,80.28,151.69,28.82,48.63,20,12.53,0.88
07-Sep-21,50,1,30,81,53.48,101.61,16,35.2,23.81,16.19,0.53
08-Sep-21,41,0,13,54,34.54,77.57,16.47,33.26,21.59,10.68,1.05
09-Sep-21,36,0,35,71,41.57,85.32,14.75,37.15,19.8,15.52,2.16
10-Sep-21,36,0,52,88,44.69,87.88,16.38,34.65,18.25,18.3,0.42
11-Sep-21,57,0,44,101,33.35,44.92,24.56,34.54,16.22,17.8,0.49
12-Sep-21,22,0,44,66,40.65,63.75,16.28,32,14.44,20.05,0.41
13-Sep-21,17,0,30,47,49.74,94.64,24.35,33.65,16.41,12.74,0.5
14-Sep-21,38,0,15,53,37.27,97.65,30.88,34.95,16.61,20.12,0.49
15-Sep-21,57,0,53,110,27.55,76.88,16.01,34.97,15.23,19.82,0.42
16-Sep-21,28,1,22,51,30.45,68.66,23.87,34.66,14.63,19.39,0.43
17-Sep-21,55,1,56,112,32.3,78.84,19.86,31.31,12.89,16.58,0.43
18-Sep-21,41,0,44,85,41.14,93.19,15.36,34.74,12.98,20.1,0.48
19-Sep-21,28,0,45,73,34.96,80.62,8.68,27.69,12.61,16.74,0.34
20-Sep-21,20,0,28,48,38.21,86.56,10.22,30.59,12.65,17.58,0.42
21-Sep-21,39,0,18,57,35.73,79.57,12.5,31.29,12.54,14.94,0.43
22-Sep-21,30,0,19,49,32.94,78.25,14.63,36.32,13.37,16.35,0.47
23-Sep-21,48,0,26,74,28.39,61.46,7.44,23.45,12.26,19.24,0.31
24-Sep-21,24,0,66,90,36.59,85.14,16.98,36.43,11.32,22.55,0.51
25-Sep-21,27,0,39,66,43.6,93.25,14.64,33.36,11.75,20.5,0.4
26-Sep-21,29,0,37,66,49.46,95.22,9.88,33.16,11.71,19.53,0.42
27-Sep-21,32,0,37,69,59.34,118.07,8.8,35.39,11.6,19.4,0.45
28-Sep-21,34,2,25,61,53.64,125.73,18.02,40.39,13.43,18.18,0.51
29-Sep-21,41,0,22,63,34.42,90.64,13.77,34.87,13.77,20.28,0.44
30-Sep-21,47,0,39,86,35.5,80.94,6.9,30.89,12.69,17.52,0.36
01-Oct-21,32,0,23,55,51.24,114.6,12.99,47.25,12.74,19.94,0.54
02-Oct-21,33,1,58,92,64.72,127.15,9.45,31,14.85,17.11,0.36
03-Oct-21,33,0,30,63,47.56,106.54,5.47,22.76,13.6,18.55,0.33
04-Oct-21,34,0,22,56,32.65,85.55,10.11,24.64,12.4,18.17,0.31
05-Oct-21,27,0,76,103,49.24,123.2,10.04,33.06,12.16,17.55,0.41
06-Oct-21,26,0,21,47,54.26,114.96,5.85,27.94,13.36,16.33,0.45
07-Oct-21,44,0,15,59,67.73,148.05,5.62,32.37,13.31,19.68,0.49
08-Oct-21,39,0,23,62,72.96,193.66,12.59,43.26,12.36,13.92,0.65
09-Oct-21,30,0,52,82,77.51,198,16.5,45.18,14.03,19.67,0.58
10-Oct-21,29,1,58,88,76.39,193.21,37.19,51.56,16.86,20.34,0.73
11-Oct-21,23,0,1,24,74.48,186.35,39.9,51.95,17.13,19.53,0.62
12-Oct-21,34,0,38,72,84.06,170.24,36.29,53.75,17.49,18.07,0.67
13-Oct-21,31,0,58,89,82.23,165.89,5.71,43.72,15.02,16.42,0.43
14-Oct-21,28,0,29,57,79.91,161.41,6.22,46.32,14.06,22.69,0.46
15-Oct-21,26,0,36,62,101.25,178.64,19.38,57.82,16.4,21.85,0.71
16-Oct-21,21,0,22,43,179.68,269.21,27.83,76.21,16.41,23.65,0.88
17-Oct-21,32,0,38,70,162.88,237.37,18.56,44.92,26.71,15.09,0.6
18-Oct-21,15,0,37,52,24.92,36.5,12.41,31.01,15.11,18.33,0.36
19-Oct-21,36,1,11,48,65.76,109.24,4.3,37.06,13.19,20.25,0.48
20-Oct-21,25,0,37,62,116.81,195.55,25.25,52.38,16.36,22.79,0.83
21-Oct-21,22,0,21,43,82.42,225.09,22.74,50.69,18.57,19.81,0.67
22-Oct-21,38,1,8,47,65.22,199.75,51.75,49.9,19.04,20.31,0.84
23-Oct-21,40,0,46,86,62.4,161.25,37.53,54.62,18.61,17.12,0.49
24-Oct-21,37,0,51,88,71.5,146.36,11.39,46.47,17.33,18.51,0.59
25-Oct-21,27,0,40,67,47.09,100.11,15.55,48.49,14.74,17.68,0.51
26-Oct-21,41,0,25,66,77.98,160.88,30.77,51.84,15.4,21.1,0.65
27-Oct-21,38,0,13,51,127.4,251.57,23.43,64.73,18.14,26.24,0.7
28-Oct-21,42,0,45,87,150.72,265.83,21.9,63.19,20.61,20.05,0.85
29-Oct-21,37,0,48,85,152.62,262.56,50.45,67.66,21.87,24.09,1.24
30-Oct-21,37,0,22,59,136.06,244.49,23.87,69.23,21.82,23.46,0.82
31-Oct-21,45,0,46,91,156.7,307.82,65.95,61.59,23.29,21.59,1.29
